{"stats":{"minecraft:killed_by":{"minecraft:player":1},"minecraft:picked_up":{"minecraft:netherite_boots":1,"pointblank:spas12":1,"minecraft:cooked_porkchop":5,"minecraft:leather":2,"minecraft:porkchop":1,"pointblank:gunmetal_nugget":16,"minecraft:grass_block":1,"minecraft:end_crystal":52,"minecraft:netherite_leggings":1,"minecraft:spider_eye":5,"minecraft:string":5,"minecraft:arrow":4,"minecraft:bone":5,"minecraft:rotten_flesh":2,"minecraft:netherite_helmet":1,"minecraft:netherite_sword":2,"minecraft:iron_ingot":5,"pointblank:ammo12gauge":128,"minecraft:poppy":2,"minecraft:totem_of_undying":2,"minecraft:enchanted_golden_apple":29,"minecraft:netherite_chestplate":1,"minecraft:obsidian":62,"minecraft:egg":1,"minecraft:ender_pearl":3},"minecraft:dropped":{"minecraft:poppy":2,"minecraft:netherite_sword":1,"minecraft:rotten_flesh":2,"minecraft:spider_eye":5,"minecraft:leather":2,"minecraft:arrow":4,"minecraft:string":5,"pointblank:gunmetal_nugget":15,"minecraft:egg":1,"minecraft:bone":5},"minecraft:mined":{"minecraft:grass":2},"minecraft:used":{"minecraft:netherite_sword":39,"minecraft:grass_block":1,"minecraft:netherite_chestplate":1,"minecraft:ender_pearl":3,"minecraft:totem_of_undying":2,"minecraft:netherite_boots":1,"minecraft:netherite_leggings":1,"minecraft:end_crystal":6,"minecraft:netherite_helmet":1,"minecraft:enchanted_golden_apple":7,"minecraft:obsidian":20},"minecraft:killed":{"minecraft:skeleton":1,"minecraft:zombie":1,"minecraft:pig":3,"arphex:hornet_harbinger":4,"minecraft:spider":3,"minecraft:iron_golem":1,"minecraft:villager":1,"minecraft:enderman":1},"minecraft:custom":{"minecraft:time_since_rest":5928,"minecraft:walk_one_cm":90699,"minecraft:sprint_one_cm":80951,"minecraft:damage_taken":898,"minecraft:damage_absorbed":896,"minecraft:mob_kills":16,"minecraft:drop":35,"minecraft:damage_dealt":2561,"minecraft:interact_with_crafting_table":1,"minecraft:fly_one_cm":102022,"minecraft:open_barrel":1,"minecraft:open_chest":14,"minecraft:crouch_one_cm":3011,"minecraft:play_time":28090,"minecraft:deaths":2,"minecraft:sneak_time":732,"minecraft:jump":433,"minecraft:leave_game":1,"minecraft:time_since_death":5893,"minecraft:sleep_in_bed":1,"minecraft:total_world_time":28090,"minecraft:damage_resisted":1731,"minecraft:fall_one_cm":26182}},"DataVersion":3465}