{"stats":{"minecraft:killed":{"minecraft:skeleton":1,"arphex:hornet_harbinger":1},"minecraft:picked_up":{"minecraft:crafting_table":1,"minecraft:diamond_sword":1,"arphex:maggot_grub":2,"pointblank:gunmetal_nugget":9,"minecraft:oak_log":12,"minecraft:pointed_dripstone":1,"minecraft:spider_eye":2,"minecraft:string":2,"minecraft:diamond_chestplate":1,"minecraft:rotten_flesh":3,"minecraft:diamond_leggings":1,"minecraft:wheat_seeds":1,"minecraft:gold_nugget":155,"minecraft:diamond_boots":1,"minecraft:jungle_sapling":1,"minecraft:totem_of_undying":81,"minecraft:diamond_helmet":1},"minecraft:crafted":{"minecraft:oak_planks":48,"minecraft:diamond":576,"minecraft:crafting_table":1,"minecraft:stick":28,"minecraft:ender_pearl":128,"minecraft:wooden_pickaxe":1,"minecraft:wooden_axe":1,"minecraft:enchanted_golden_apple":64,"minecraft:air":0,"minecraft:diamond_block":1792},"minecraft:custom":{"minecraft:time_since_rest":5952,"minecraft:sprint_one_cm":157584,"minecraft:damage_absorbed":479,"minecraft:damage_taken":9112,"minecraft:walk_one_cm":77157,"minecraft:mob_kills":2,"minecraft:drop":40,"minecraft:damage_dealt":755,"minecraft:interact_with_beacon":2,"minecraft:traded_with_villager":31,"minecraft:talked_to_villager":5,"minecraft:swim_one_cm":1094,"minecraft:interact_with_crafting_table":2,"minecraft:fly_one_cm":261725,"minecraft:player_kills":2,"minecraft:open_barrel":4,"minecraft:open_chest":5,"minecraft:crouch_one_cm":252,"minecraft:play_time":34747,"minecraft:open_shulker_box":1,"minecraft:deaths":10,"minecraft:sneak_time":163,"minecraft:walk_under_water_one_cm":2410,"minecraft:jump":977,"minecraft:leave_game":4,"minecraft:time_since_death":5916,"minecraft:walk_on_water_one_cm":2056,"minecraft:climb_one_cm":970,"minecraft:total_world_time":34747,"minecraft:damage_resisted":5594,"minecraft:fall_one_cm":52336},"minecraft:dropped":{"minecraft:wheat_seeds":1,"minecraft:diamond_block":1728,"arphex:maggot_grub":2,"minecraft:pointed_dripstone":1,"minecraft:spider_eye":2,"minecraft:totem_of_undying":4,"minecraft:string":2,"pointblank:gunmetal_nugget":9},"minecraft:mined":{"minecraft:crafting_table":1,"minecraft:grass":11,"minecraft:oak_log":12,"minecraft:tall_grass":3},"minecraft:used":{"minecraft:jungle_sapling":1,"minecraft:wooden_axe":14,"minecraft:oak_planks":24,"minecraft:ender_pearl":4,"minecraft:wooden_pickaxe":11,"minecraft:diamond_sword":3,"minecraft:crafting_table":2,"minecraft:enchanted_golden_apple":4},"minecraft:killed_by":{"man:managgresive":1,"arphex:blood_worm":1,"arphex:spider_goliath":1,"minecraft:player":3,"minecraft:zombie":1}},"DataVersion":3465}