{"stats":{"minecraft:killed":{"minecraft:husk":4,"minecraft:endermite":1,"arphex:centipede_evictor_larvae":1,"minecraft:skeleton":3,"minecraft:zombie":1,"arphex:blood_worm":2},"minecraft:broken":{"minecraft:diamond_boots":1,"minecraft:diamond_helmet":1,"minecraft:diamond_leggings":1},"minecraft:mined":{"minecraft:crafting_table":3,"minecraft:jungle_log":6,"minecraft:dead_bush":1,"minecraft:cobblestone":1,"minecraft:hay_block":4,"minecraft:iron_ore":2,"minecraft:cave_vines":1,"minecraft:grass":7,"minecraft:oak_log":3,"minecraft:vine":3,"minecraft:bamboo":2,"minecraft:stone":24,"minecraft:deepslate":25},"minecraft:crafted":{"minecraft:oak_planks":16,"minecraft:diamond_sword":1,"minecraft:diamond_axe":1,"minecraft:crafting_table":2,"minecraft:experience_bottle":128,"minecraft:wooden_pickaxe":1,"minecraft:gold_block":192,"minecraft:enchanted_golden_apple":128,"minecraft:stone_axe":1,"minecraft:bread":12,"minecraft:air":0,"minecraft:jungle_planks":24,"minecraft:diamond":126,"minecraft:totem_of_undying":64,"minecraft:diamond_helmet":2,"minecraft:diamond_leggings":2,"minecraft:diamond_pickaxe":1,"minecraft:gold_nugget":99,"minecraft:netherite_block":64,"minecraft:stick":12,"minecraft:ender_pearl":576,"minecraft:stone_pickaxe":1,"minecraft:stone_sword":1,"minecraft:diamond_boots":2,"minecraft:gold_ingot":36,"minecraft:bedrock":64,"minecraft:diamond_chestplate":2,"minecraft:wheat":36},"minecraft:dropped":{"minecraft:wheat_seeds":1,"minecraft:jungle_planks":5,"arphex:scarab_seal":1,"minecraft:diamond_chestplate":1,"minecraft:wooden_pickaxe":1,"minecraft:bone":2},"minecraft:used":{"minecraft:stone_sword":82,"minecraft:stone_pickaxe":45,"minecraft:oak_planks":8,"minecraft:ender_pearl":18,"minecraft:wooden_pickaxe":10,"minecraft:diamond_axe":19,"minecraft:rotten_flesh":8,"minecraft:torch":1,"minecraft:crafting_table":4,"minecraft:jungle_planks":4,"minecraft:bread":12,"minecraft:bedrock":9,"minecraft:totem_of_undying":1,"arphex:bloodworm_grub":2,"minecraft:diamond_sword":160,"minecraft:diamond_chestplate":1,"minecraft:stone_axe":1,"minecraft:cobblestone":12,"minecraft:cobbled_deepslate":17,"minecraft:diamond_leggings":1,"minecraft:enchanted_golden_apple":9},"minecraft:killed_by":{"man:managgresive":1,"arphex:spider_goliath":1,"minecraft:player":1},"minecraft:custom":{"minecraft:mob_kills":12,"minecraft:traded_with_villager":19,"minecraft:interact_with_crafting_table":15,"minecraft:open_barrel":4,"minecraft:damage_dealt_resisted":297,"minecraft:leave_game":2,"minecraft:time_since_death":9346,"minecraft:climb_one_cm":926,"minecraft:damage_resisted":7657,"minecraft:time_since_rest":9392,"minecraft:sprint_one_cm":256944,"minecraft:damage_absorbed":1396,"minecraft:damage_taken":15845,"minecraft:walk_one_cm":138488,"minecraft:drop":6,"minecraft:damage_dealt":4942,"minecraft:swim_one_cm":327,"minecraft:talked_to_villager":6,"minecraft:fly_one_cm":370186,"minecraft:player_kills":2,"minecraft:open_chest":21,"minecraft:crouch_one_cm":6892,"minecraft:play_time":55292,"minecraft:deaths":7,"minecraft:sneak_time":2297,"minecraft:walk_under_water_one_cm":3541,"minecraft:jump":1438,"minecraft:walk_on_water_one_cm":3899,"minecraft:total_world_time":55292,"minecraft:fall_one_cm":82033},"minecraft:picked_up":{"minecraft:crafting_table":3,"minecraft:jungle_log":6,"arphex:scarab_seal":2,"minecraft:wooden_pickaxe":1,"minecraft:gold_block":1,"minecraft:oak_log":4,"minecraft:bone":2,"minecraft:gold_nugget":21,"minecraft:wheat_seeds":1,"minecraft:cobbled_deepslate":23,"minecraft:bamboo":7,"minecraft:enchanted_golden_apple":3,"minecraft:raw_iron":1,"minecraft:torch":1,"pointblank:gunmetal_nugget":24,"minecraft:diamond_block":1152,"arphex:bloodworm_grub":2,"minecraft:arrow":2,"minecraft:cactus":5,"minecraft:rotten_flesh":8,"minecraft:hay_block":4,"minecraft:totem_of_undying":104,"minecraft:cobblestone":24}},"DataVersion":3465}