{"stats":{"minecraft:killed":{"arphex:spider_flat":1,"minecraft:spider":1,"minecraft:creeper":1,"minecraft:zombie":1,"arphex:hornet_harbinger":2,"arphex:blood_worm":2},"minecraft:broken":{"minecraft:diamond_boots":1,"minecraft:golden_sword":1,"minecraft:diamond_chestplate":1,"minecraft:golden_axe":1,"minecraft:diamond_helmet":1,"minecraft:diamond_leggings":1},"minecraft:mined":{"minecraft:crafting_table":1,"minecraft:jungle_planks":2,"minecraft:jungle_log":6,"minecraft:grass":5,"minecraft:vine":2,"minecraft:sand":8,"minecraft:fern":1},"minecraft:crafted":{"minecraft:diamond_sword":1,"minecraft:crafting_table":1,"minecraft:experience_bottle":1216,"minecraft:enchanted_golden_apple":128,"minecraft:air":0,"minecraft:jungle_planks":32,"minecraft:diamond_block":64,"minecraft:diamond":54,"minecraft:totem_of_undying":64,"minecraft:diamond_helmet":1,"minecraft:diamond_leggings":1,"minecraft:gold_nugget":99,"minecraft:stick":8,"minecraft:diamond_boots":1,"minecraft:gold_ingot":576,"minecraft:golden_sword":1,"minecraft:diamond_chestplate":1},"minecraft:dropped":{"minecraft:wheat_seeds":3,"minecraft:diamond_block":64,"minecraft:cocoa_beans":9,"minecraft:pointed_dripstone":2,"minecraft:rotten_flesh":13,"pointblank:gunmetal_nugget":5,"minecraft:stick":6,"minecraft:golden_sword":2,"minecraft:string":1,"minecraft:bone":2},"minecraft:used":{"minecraft:ender_pearl":29,"minecraft:rotten_flesh":2,"minecraft:crafting_table":1,"minecraft:jungle_planks":5,"minecraft:totem_of_undying":2,"arphex:bloodworm_grub":1,"minecraft:golden_sword":37,"minecraft:diamond_sword":116,"minecraft:enchanted_golden_apple":24,"minecraft:golden_axe":6,"minecraft:experience_bottle":768},"minecraft:killed_by":{"man:managgresive":2,"arphex:spider_goliath":1,"minecraft:player":4,"arphex:hornet_harbinger":1},"minecraft:custom":{"minecraft:mob_kills":8,"minecraft:traded_with_villager":23,"minecraft:interact_with_cartography_table":2,"minecraft:interact_with_crafting_table":10,"minecraft:open_barrel":9,"minecraft:damage_dealt_resisted":115,"minecraft:interact_with_grindstone":1,"minecraft:interact_with_stonecutter":1,"minecraft:leave_game":1,"minecraft:time_since_death":496,"minecraft:climb_one_cm":2115,"minecraft:damage_resisted":19091,"minecraft:time_since_rest":520,"minecraft:sprint_one_cm":257408,"minecraft:walk_one_cm":123193,"minecraft:damage_taken":27479,"minecraft:damage_absorbed":2755,"minecraft:drop":37,"minecraft:damage_dealt":4563,"minecraft:fly_one_cm":258244,"minecraft:swim_one_cm":937,"minecraft:talked_to_villager":17,"minecraft:player_kills":4,"minecraft:open_chest":21,"minecraft:crouch_one_cm":3025,"minecraft:play_time":45483,"minecraft:deaths":10,"minecraft:sneak_time":572,"minecraft:walk_under_water_one_cm":649,"minecraft:jump":1066,"minecraft:walk_on_water_one_cm":703,"minecraft:total_world_time":45483,"minecraft:fall_one_cm":60394},"minecraft:picked_up":{"minecraft:cocoa_beans":12,"minecraft:crafting_table":1,"minecraft:jungle_log":8,"minecraft:golden_sword":1,"minecraft:string":2,"minecraft:bone":4,"minecraft:wheat_seeds":3,"minecraft:stick":1,"minecraft:jungle_planks":7,"minecraft:sand":8,"pointblank:gunmetal_nugget":18,"minecraft:pointed_dripstone":2,"minecraft:fermented_spider_eye":1,"minecraft:diamond_block":576,"minecraft:spider_eye":1,"arphex:bloodworm_grub":1,"minecraft:totem_of_undying":2}},"DataVersion":3465}