{"stat.useItem.minecraft.splash_potion":2,"stat.walkOneCm":21476,"stat.playerKills":1,"stat.killEntity.bia":1,"stat.leaveGame":2,"stat.pickup.minecraft.iron_sword":2,"stat.drop.minecraft.wool":3,"stat.useItem.minecraft.diamond_sword":14,"stat.useItem.minecraft.potion":5,"stat.jump":181,"stat.fallOneCm":1240,"stat.pickup.minecraft.beef":4,"stat.killEntity.ellie":3,"stat.drop.minecraft.diamond_sword":1,"stat.pickup.minecraft.porkchop":2,"stat.drop.minecraft.sapling":1,"stat.crouchOneCm":306,"stat.pickup.minecraft.sapling":1,"stat.sprintOneCm":25835,"stat.pickup.minecraft.bow":2,"stat.pickup.minecraft.gold_ingot":2,"stat.killEntity.jenny":2,"stat.damageTaken":20,"stat.pickup.minecraft.emerald":2,"stat.mobKills":8,"stat.flyOneCm":94816,"stat.useItem.minecraft.ender_pearl":2,"stat.pickup.minecraft.diamond":2,"stat.drop":3,"stat.playOneMinute":32131,"stat.killEntity.Sheep":2,"stat.sneakTime":348,"stat.pickup.minecraft.slime_ball":3,"stat.pickup.minecraft.wool":4,"stat.damageDealt":2883,"stat.timeSinceDeath":32131,"stat.useItem.minecraft.spawn_egg":1,"stat.pickup.minecraft.mutton":1}