{"stats":{"minecraft:broken":{"minecraft:wooden_shovel":1,"minecraft:golden_shovel":1,"minecraft:golden_leggings":1,"minecraft:stone_axe":1},"minecraft:killed":{"arphex:mosquito_morbidity":2,"arphex:spider_flat":6,"ihfr:hulker":1,"minecraft:spider":16,"minecraft:skeleton":11,"minecraft:chicken":3,"arphex:ant_arsonist":2,"minecraft:piglin_brute":5,"arphex:butterfly_bewitcher":2,"minecraft:piglin":6,"arphex:solifuge_skulker":3,"arphex:spider_larvae_tiny":2,"arphex:long_legs":1,"minecraft:pig":18,"minecraft:zombie_villager":1,"minecraft:creeper":5,"arphex:centipede_evictor_larvae":2,"minecraft:sheep":5,"minecraft:zombie":14,"arphex:spider_larvae":2,"minecraft:cow":13,"arphex:hornet_harbinger_giant":2,"minecraft:endermite":3,"arphex:silverfish_spectre":5,"arphex:termite_tunneler_queen":1,"arphex:hornet_harbinger":19,"arphex:blood_worm":6,"arphex:scorpion_larvae":1,"arphex:centipede_stalker":1,"minecraft:husk":18,"minecraft:rabbit":2,"the_boiled_one:the_boiled_one":4,"minecraft:frog":1,"the_anomaly:anomaly_viewer_attack":5,"arphex:termite_tunneler_worker":1,"arphex:fly_festerer":3,"arphex:spider_goliath":1,"minecraft:villager":1,"minecraft:enderman":1},"minecraft:mined":{"minecraft:white_bed":5,"minecraft:jungle_slab":17,"ihfr:veins":2,"minecraft:jungle_leaves":4,"minecraft:grass_block":1,"minecraft:jungle_log":82,"minecraft:nether_wart":1,"minecraft:tall_seagrass":23,"minecraft:iron_ore":30,"ihfr:watching_fleshroot":5,"ihfr:tall_gazing_fleshroot":2,"minecraft:cut_sandstone":2,"minecraft:red_bed":1,"minecraft:amethyst_cluster":1,"minecraft:calcite":2,"minecraft:chest":1,"minecraft:dead_bush":48,"minecraft:lime_shulker_box":1,"minecraft:amethyst_block":5,"minecraft:seagrass":1,"minecraft:tnt":9,"minecraft:grass":39,"ihfr:short_watching_fleshroot":2,"minecraft:oak_log":11,"ihfr:fleshroot":1,"minecraft:sand":168,"minecraft:dirt":2,"ihfr:tall_fleshroot":1,"minecraft:stonecutter":3,"minecraft:oak_leaves":2,"minecraft:shulker_box":3,"ihfr:hollow_trypora":1,"minecraft:sandstone":10,"ihfr:flesh_block":1,"ihfr:gaping_maw":2,"ihfr:eye_block":3,"minecraft:vine":4,"minecraft:stone":17,"ihfr:nerval_branch_block":2,"minecraft:glass_pane":4,"minecraft:crafting_table":3,"minecraft:cornflower":1,"minecraft:tall_grass":11,"minecraft:diorite":2,"minecraft:coal_ore":10,"minecraft:fern":1},"minecraft:crafted":{"minecraft:blaze_powder":12,"minecraft:cooked_mutton":7,"minecraft:netherite_boots":1,"minecraft:chest":1,"minecraft:netherite_helmet":1,"minecraft:golden_axe":1,"pointblank:printer":1,"minecraft:wooden_shovel":1,"minecraft:cooked_porkchop":5,"minecraft:crafting_table":1,"minecraft:wooden_pickaxe":1,"minecraft:gold_block":128,"minecraft:tnt":3,"minecraft:totem_of_undying":0,"minecraft:netherite_block":256,"minecraft:stick":16,"minecraft:iron_ingot":21,"minecraft:sandstone":18,"minecraft:netherite_ingot":9,"minecraft:experience_bottle":0,"minecraft:furnace":1,"minecraft:enchanted_golden_apple":64,"minecraft:netherite_chestplate":1,"minecraft:netherite_leggings":1,"minecraft:ender_pearl":64,"minecraft:stone_pickaxe":1,"minecraft:golden_shovel":1,"minecraft:stone_axe":1,"minecraft:jungle_slab":42,"minecraft:air":0,"minecraft:jungle_planks":60,"minecraft:blue_dye":1,"minecraft:gold_nugget":45,"minecraft:wooden_axe":1,"minecraft:white_bed":1,"minecraft:torch":8},"minecraft:dropped":{"arphex:infernal_chestplate":1,"minecraft:glass_bottle":3,"minecraft:ender_pearl":48,"minecraft:diamond":2,"minecraft:cooked_porkchop":3,"minecraft:tide_armor_trim_smithing_template":1,"ihfr:osseous_hook":3,"arphex:infernal_helmet":1,"minecraft:gold_block":1,"minecraft:brush":1,"minecraft:netherite_boots":1,"minecraft:gold_nugget":61,"minecraft:iron_pickaxe":1,"minecraft:bone":6,"minecraft:prize_pottery_sherd":1,"minecraft:netherite_sword":1,"minecraft:pointed_dripstone":2,"minecraft:rotten_flesh":16,"minecraft:enchanted_golden_apple":3,"arphex:scarab_seal":1,"minecraft:rabbit_hide":2,"minecraft:chest":1,"minecraft:arrow":17,"minecraft:written_book":2,"minecraft:bread":3,"the_anomaly:deathmode_switch":2,"minecraft:creeper_spawn_egg":64,"minecraft:diamond_leggings":6,"minecraft:netherite_chestplate":1,"minecraft:netherite_helmet":1,"ihfr:eye_block":1,"minecraft:feather":2,"minecraft:stick":15,"pointblank:ammocreative":320,"arphex:infernal_boots":1,"minecraft:blue_dye":1,"minecraft:golden_carrot":62,"the_anomaly:moon_phase_change":2,"minecraft:diamond_helmet":6,"ihfr:raw_flesh":2,"minecraft:string":8,"minecraft:skull_pottery_sherd":1,"minecraft:blaze_rod":384,"minecraft:allay_spawn_egg":254,"arphex:infernal_leggings":1,"pointblank:gunmetal_nugget":13,"minecraft:netherite_leggings":1,"minecraft:diamond_sword":6,"minecraft:diamond_chestplate":6,"minecraft:netherite_block":128,"minecraft:miner_pottery_sherd":2,"minecraft:barrel":1,"minecraft:spider_eye":2,"minecraft:diamond_boots":6,"ihfr:tendoncle":8,"arphex:ectoplasm":2},"minecraft:used":{"minecraft:light_blue_stained_glass_pane":1,"minecraft:spruce_slab":9,"minecraft:chest":32,"minecraft:nether_wart":3,"the_boiled_one:the_boiled_one_spawn_egg":1,"minecraft:soul_sand":2,"minecraft:jungle_slab":30,"minecraft:obsidian":14,"minecraft:glass":24,"minecraft:lantern":7,"minecraft:red_stained_glass_pane":4,"minecraft:red_carpet":24,"minecraft:bow":1,"minecraft:written_book":1,"minecraft:furnace":2,"minecraft:egg":4,"minecraft:green_stained_glass_pane":1,"arphex:crab_larvae_spawn_egg":1,"minecraft:spruce_door":2,"minecraft:stone_pickaxe":64,"minecraft:oak_planks":161,"minecraft:sandstone":42,"minecraft:ender_pearl":38,"minecraft:wooden_pickaxe":23,"minecraft:oak_leaves":23,"minecraft:glow_berries":7,"minecraft:sand":437,"minecraft:lime_stained_glass_pane":4,"minecraft:blast_furnace":1,"minecraft:lingering_potion":2,"minecraft:deepslate_brick_stairs":92,"minecraft:creeper_spawn_egg":1,"minecraft:firework_rocket":23,"minecraft:diamond_sword":248,"arphex:maggot_grub":1,"minecraft:grindstone":1,"minecraft:smithing_table":1,"minecraft:cooked_rabbit":4,"minecraft:bone_meal":17,"minecraft:experience_bottle":149,"minecraft:oak_trapdoor":29,"minecraft:netherite_sword":47,"minecraft:enchanting_table":1,"minecraft:flint_and_steel":3,"minecraft:armor_stand":2,"minecraft:spruce_planks":222,"minecraft:wooden_shovel":59,"minecraft:torch":8,"minecraft:brewing_stand":1,"minecraft:dirt":2,"minecraft:anvil":3,"minecraft:spruce_stairs":199,"minecraft:shulker_box":3,"minecraft:golden_shovel":32,"minecraft:allay_spawn_egg":4,"minecraft:spruce_fence":55,"minecraft:purple_stained_glass_pane":1,"minecraft:wooden_axe":17,"minecraft:bookshelf":16,"minecraft:oak_stairs":5,"minecraft:jungle_log":1,"ihfr:hulker_spawn_egg":1,"minecraft:totem_of_undying":10,"minecraft:barrel":21,"minecraft:bamboo":4,"minecraft:golden_carrot":5,"minecraft:beef":1,"ihfr:gnasher":5,"minecraft:netherite_pickaxe":8,"minecraft:cooked_beef":4,"minecraft:enchanted_golden_apple":25,"minecraft:orange_stained_glass_pane":1,"minecraft:golden_axe":5,"minecraft:pointed_dripstone":3,"minecraft:calcite":2,"minecraft:cooked_mutton":7,"minecraft:water_bucket":3,"minecraft:light_blue_shulker_box":2,"cave_dweller:cave_dweller_spawn_egg":1,"pointblank:printer":1,"minecraft:cartography_table":2,"minecraft:black_shulker_box":1,"minecraft:cut_sandstone":2,"minecraft:cauldron":1,"minecraft:stonecutter":3,"minecraft:tnt":2,"minecraft:crafting_table":6,"minecraft:red_bed":4,"minecraft:yellow_stained_glass_pane":1,"minecraft:white_bed":4,"minecraft:lime_shulker_box":3,"minecraft:painting":29,"minecraft:smoker":1,"minecraft:oak_log":196,"minecraft:blue_stained_glass_pane":4,"minecraft:flower_pot":7,"minecraft:apple":3,"arphex:termite_tunneler_queen_spawn_egg":1,"minecraft:chicken":2,"minecraft:oak_button":1,"ihfr:eye_block":2,"minecraft:spruce_trapdoor":15,"minecraft:stone_axe":124,"minecraft:potion":15,"minecraft:cyan_stained_glass_pane":1,"minecraft:porkchop":4,"minecraft:cooked_porkchop":36,"minecraft:glass_pane":86,"minecraft:brush":9},"minecraft:killed_by":{"the_anomaly:anomaly_attack":4,"minecraft:pillager":1,"minecraft:player":10,"minecraft:enderman":1,"ihfr:gutworm":1,"arphex:hornet_harbinger":2,"arphex:spider_larvae":1,"minecraft:skeleton":1},"minecraft:custom":{"minecraft:interact_with_crafting_table":27,"minecraft:open_barrel":46,"minecraft:open_shulker_box":20,"minecraft:leave_game":26,"minecraft:time_since_death":80945,"minecraft:damage_resisted":7313,"minecraft:sprint_one_cm":1905541,"minecraft:drop":121,"minecraft:talked_to_villager":23,"minecraft:play_time":616774,"minecraft:deaths":40,"minecraft:jump":11677,"minecraft:interact_with_brewingstand":3,"minecraft:walk_on_water_one_cm":5783,"minecraft:interact_with_furnace":14,"minecraft:traded_with_villager":14,"minecraft:sleep_in_bed":16,"minecraft:damage_dealt":33007,"minecraft:player_kills":3,"minecraft:crouch_one_cm":31636,"minecraft:interact_with_smithing_table":10,"minecraft:mob_kills":205,"minecraft:interact_with_anvil":1,"minecraft:fill_cauldron":1,"minecraft:damage_dealt_resisted":1027,"minecraft:climb_one_cm":14540,"minecraft:walk_one_cm":981899,"minecraft:sneak_time":10002,"minecraft:walk_under_water_one_cm":4485,"minecraft:total_world_time":616774,"minecraft:pot_flower":7,"minecraft:interact_with_grindstone":1,"minecraft:time_since_rest":51628,"minecraft:damage_taken":20325,"minecraft:damage_absorbed":1068,"minecraft:swim_one_cm":8744,"minecraft:fly_one_cm":3858128,"minecraft:open_chest":60,"minecraft:fall_one_cm":500203},"minecraft:picked_up":{"minecraft:wooden_axe":1,"minecraft:slime_spawn_egg":64,"pointblank:ammocreative":320,"arphex:scarab_seal":3,"minecraft:diamond_sword":5,"minecraft:bee_spawn_egg":64,"minecraft:piglin_brute_spawn_egg":64,"minecraft:piglin_spawn_egg":64,"minecraft:light":384,"minecraft:stray_spawn_egg":64,"minecraft:amethyst_block":5,"minecraft:string":24,"minecraft:ocelot_spawn_egg":64,"arphex:necrotic_fang":3,"minecraft:ghast_spawn_egg":64,"minecraft:zoglin_spawn_egg":64,"minecraft:activator_rail":1152,"minecraft:diamond_leggings":5,"minecraft:black_shulker_box":3,"minecraft:gold_nugget":14,"minecraft:iron_golem_spawn_egg":64,"ihfr:raw_flesh":2,"minecraft:written_book":3,"minecraft:calcite":2,"minecraft:iron_pickaxe":1,"minecraft:stick":36,"ihfr:eye_block":3,"arphex:maggot_grub":6,"minecraft:porkchop":20,"minecraft:golden_axe":3,"minecraft:villager_spawn_egg":64,"minecraft:pointed_dripstone":5,"minecraft:shulker_spawn_egg":64,"minecraft:diorite":4,"minecraft:rabbit_foot":1,"minecraft:zombie_spawn_egg":64,"minecraft:phantom_spawn_egg":64,"arphex:bloodworm_grub":6,"minecraft:cactus":3,"minecraft:rotten_flesh":35,"minecraft:cow_spawn_egg":64,"minecraft:guardian_spawn_egg":64,"minecraft:wolf_spawn_egg":64,"minecraft:ravager_spawn_egg":64,"minecraft:blaze_rod":1408,"minecraft:panda_spawn_egg":64,"minecraft:cobblestone":17,"minecraft:rabbit_spawn_egg":64,"minecraft:cave_spider_spawn_egg":64,"minecraft:cooked_beef":12,"minecraft:feather":6,"minecraft:skeleton_horse_spawn_egg":64,"minecraft:jungle_log":80,"minecraft:cod_spawn_egg":64,"minecraft:brown_wool":2,"arphex:ectoplasm":8,"minecraft:tadpole_spawn_egg":64,"minecraft:bat_spawn_egg":64,"minecraft:wandering_trader_spawn_egg":64,"arphex:venomous_appendage":1,"minecraft:glow_squid_spawn_egg":64,"minecraft:dirt":2,"minecraft:zombie_villager_spawn_egg":64,"minecraft:bone":39,"minecraft:stonecutter":3,"minecraft:bow":1,"minecraft:wheat_seeds":5,"minecraft:diamond_helmet":5,"minecraft:llama_spawn_egg":64,"minecraft:axolotl_spawn_egg":64,"minecraft:vindicator_spawn_egg":64,"minecraft:debug_stick":18,"minecraft:sheep_spawn_egg":64,"minecraft:cooked_porkchop":7,"minecraft:strider_spawn_egg":64,"minecraft:pig_spawn_egg":64,"minecraft:enderman_spawn_egg":64,"minecraft:sand":545,"minecraft:light_blue_shulker_box":2,"minecraft:fermented_spider_eye":5,"minecraft:jungle_slab":19,"minecraft:polar_bear_spawn_egg":64,"minecraft:barrel":1,"minecraft:shulker_box":2,"minecraft:wither_skeleton_spawn_egg":64,"minecraft:skeleton_spawn_egg":64,"minecraft:evoker_spawn_egg":64,"minecraft:snow_golem_spawn_egg":64,"minecraft:tropical_fish_spawn_egg":64,"minecraft:diamond":3,"minecraft:lever":1152,"minecraft:miner_pottery_sherd":4,"minecraft:crossbow":2,"minecraft:emerald":1,"minecraft:horse_spawn_egg":64,"minecraft:bread":3,"minecraft:parrot_spawn_egg":64,"minecraft:cocoa_beans":22,"minecraft:blaze_spawn_egg":64,"minecraft:crafting_table":2,"minecraft:dolphin_spawn_egg":64,"minecraft:chicken":3,"minecraft:nether_wart":2,"minecraft:cooked_rabbit":4,"minecraft:spider_spawn_egg":64,"minecraft:magma_cube_spawn_egg":64,"minecraft:cornflower":1,"minecraft:red_bed":1,"minecraft:cat_spawn_egg":64,"minecraft:vex_spawn_egg":64,"minecraft:salmon_spawn_egg":64,"minecraft:beef":20,"minecraft:player_head":3,"minecraft:chest":65,"minecraft:mule_spawn_egg":64,"ihfr:gnasher":1,"minecraft:lime_shulker_box":2,"minecraft:egg":3,"minecraft:hoglin_spawn_egg":64,"minecraft:raw_iron":30,"minecraft:sandstone":16,"minecraft:squid_spawn_egg":64,"minecraft:mooshroom_spawn_egg":64,"pointblank:gunmetal_nugget":138,"minecraft:frog_spawn_egg":64,"minecraft:pufferfish_spawn_egg":64,"minecraft:skull_pottery_sherd":2,"minecraft:warden_spawn_egg":64,"minecraft:zombified_piglin_spawn_egg":64,"minecraft:drowned_spawn_egg":64,"minecraft:stone_pressure_plate":2,"minecraft:chicken_spawn_egg":64,"minecraft:tnt":10,"minecraft:arrow":20,"minecraft:diamond_chestplate":5,"minecraft:allay_spawn_egg":3584,"minecraft:diamond_boots":5,"minecraft:turtle_spawn_egg":64,"minecraft:mutton":10,"minecraft:white_wool":4,"minecraft:elder_guardian_spawn_egg":64,"minecraft:fox_spawn_egg":64,"minecraft:cut_sandstone":5,"minecraft:leather":17,"minecraft:oak_log":11,"minecraft:gunpowder":7,"minecraft:zombie_horse_spawn_egg":64,"man:cassette_1safetyinstructions":1,"minecraft:witch_spawn_egg":64,"minecraft:creeper_spawn_egg":320,"minecraft:rabbit_hide":3,"minecraft:silverfish_spawn_egg":64,"arphex:burning_glands":2,"the_anomaly:moon_phase_change":1,"minecraft:pillager_spawn_egg":64,"minecraft:brush":1,"minecraft:endermite_spawn_egg":1216,"ihfr:osseous_hook":3,"minecraft:amethyst_shard":4,"minecraft:prize_pottery_sherd":2,"minecraft:white_bed":4,"minecraft:spider_eye":11,"arphex:fly_appendage":3,"minecraft:husk_spawn_egg":64,"minecraft:trader_llama_spawn_egg":64,"minecraft:donkey_spawn_egg":64,"minecraft:oak_button":1,"minecraft:goat_spawn_egg":64,"minecraft:mangrove_propagule":1,"minecraft:coal":7,"minecraft:ender_pearl":1}},"DataVersion":3465}