{"stat.walkOneCm":30427,"stat.leaveGame":6,"stat.pickup.minecraft.iron_sword":1,"stat.useItem.minecraft.diamond_sword":2,"stat.drop.minecraft.spawn_egg":1,"stat.pickup.minecraft.log":2,"stat.jump":292,"stat.swimOneCm":683,"stat.fallOneCm":2162,"stat.pickup.minecraft.porkchop":2,"stat.crouchOneCm":1108,"stat.pickup.minecraft.sapling":1,"stat.sprintOneCm":22612,"stat.useItem.minecraft.stone_slab2":5,"stat.pickup.minecraft.bow":1,"stat.pickup.minecraft.gold_ingot":1,"stat.useItem.minecraft.egg":28,"stat.killEntity.jenny":1,"stat.damageTaken":213,"stat.mobKills":1,"stat.mineBlock.minecraft.log":2,"stat.drop.sexmod.allies_lamp":5,"stat.flyOneCm":109767,"stat.drop":9,"stat.pickup.minecraft.diamond":2,"stat.mineBlock.minecraft.leaves":1,"stat.playOneMinute":22411,"stat.sneakTime":582,"stat.damageDealt":273,"stat.drop.minecraft.gold_ingot":1,"stat.timeSinceDeath":22411,"stat.drop.minecraft.diamond":2,"stat.useItem.minecraft.spawn_egg":2,"stat.mineBlock.minecraft.tallgrass":3,"stat.diveOneCm":198}