{"stat.walkOneCm":39059,"stat.pickup.minecraft.stick":2,"stat.leaveGame":3,"stat.pickup.sexmod.allies_lamp":5,"stat.mineBlock.minecraft.deadbush":1,"stat.pickup.minecraft.log":8,"stat.useItem.minecraft.mutton":1,"stat.jump":441,"stat.swimOneCm":333,"stat.fallOneCm":15626,"stat.useItem.minecraft.planks":31,"stat.crouchOneCm":159,"stat.pickup.minecraft.sapling":4,"stat.sprintOneCm":47664,"stat.useItem.minecraft.stone_slab2":1,"stat.pickup.minecraft.cooked_beef":64,"stat.pickup.minecraft.gold_ingot":7,"stat.craftItem.minecraft.planks":32,"stat.damageTaken":578,"stat.mobKills":1,"stat.pickup.minecraft.emerald":5,"stat.mineBlock.minecraft.log":8,"stat.pickup.minecraft.spawn_egg":1,"stat.flyOneCm":38579,"stat.deaths":1,"stat.pickup.minecraft.diamond":7,"stat.drop":2,"stat.pickup.minecraft.wheat_seeds":1,"stat.mineBlock.minecraft.leaves":13,"stat.playOneMinute":14228,"stat.killEntity.Sheep":1,"stat.useItem.minecraft.cooked_beef":2,"stat.sneakTime":75,"stat.pickup.minecraft.wool":1,"stat.damageDealt":303,"stat.timeSinceDeath":9244,"stat.drop.minecraft.diamond":2,"stat.mineBlock.minecraft.tallgrass":1,"stat.pickup.minecraft.mutton":1,"stat.diveOneCm":2372}