{"stats":{"minecraft:killed_by":{"minecraft:husk":1,"minecraft:player":3,"the_anomaly:anomaly_attack":4,"minecraft:pillager":1,"arphex:hornet_harbinger":2,"arphex:spider_flat":1,"minecraft:skeleton":1},"minecraft:picked_up":{"minecraft:mud":1,"minecraft:crafting_table":1,"pointblank:spas12":1,"minecraft:chicken":5,"minecraft:lead":2,"minecraft:potion":2,"minecraft:moss_carpet":1,"arphex:necrotic_fang":1,"minecraft:gold_nugget":2,"minecraft:netherite_sword":1,"minecraft:spruce_planks":3,"minecraft:iron_pickaxe":1,"minecraft:light_gray_wool":1,"pointblank:workstation":1,"minecraft:furnace":1,"minecraft:egg":1,"minecraft:lime_shulker_box":3,"minecraft:stick":3,"minecraft:raw_iron":11,"minecraft:sandstone":64,"minecraft:porkchop":6,"pointblank:gunmetal_nugget":27,"arphex:bloodworm_grub":1,"minecraft:rotten_flesh":8,"minecraft:totem_of_undying":1,"minecraft:netherite_chestplate":1,"minecraft:mutton":6,"minecraft:white_wool":3,"minecraft:cobblestone":2,"minecraft:netherite_boots":2,"minecraft:feather":5,"minecraft:golden_carrot":62,"minecraft:jungle_log":2,"minecraft:cut_sandstone":13,"minecraft:leather":4,"arphex:venomous_appendage":2,"minecraft:netherite_leggings":1,"minecraft:dirt":7,"minecraft:white_banner":1,"minecraft:red_carpet":1,"minecraft:wheat_seeds":8,"minecraft:iron_ingot":7,"pointblank:ammo12gauge":127,"minecraft:rabbit":1,"minecraft:glass_bottle":5,"minecraft:cooked_porkchop":16,"arphex:chitin":1,"minecraft:sand":4,"minecraft:white_bed":2,"minecraft:grass_block":1,"minecraft:diamond_block":4,"minecraft:chiseled_sandstone":4,"minecraft:netherite_block":3,"minecraft:diamond":2,"minecraft:netherite_helmet":1,"minecraft:bread":3,"minecraft:black_wool":1,"minecraft:coal":9,"minecraft:ender_pearl":1},"minecraft:dropped":{"minecraft:wheat_seeds":8,"minecraft:glass_bottle":9,"minecraft:netherite_helmet":1,"minecraft:netherite_chestplate":1,"minecraft:feather":5,"minecraft:grass_block":1,"minecraft:stick":2,"minecraft:dirt":1,"arphex:venomous_appendage":2,"minecraft:mutton":6,"minecraft:netherite_boots":2,"minecraft:sand":2,"minecraft:iron_pickaxe":1,"pointblank:ammo12gauge":255,"minecraft:white_wool":3,"minecraft:end_crystal":52,"minecraft:netherite_sword":1,"minecraft:obsidian":62,"minecraft:rotten_flesh":8,"minecraft:enchanted_golden_apple":29,"pointblank:spas12":2,"minecraft:totem_of_undying":4,"pointblank:gunmetal_nugget":6,"minecraft:netherite_leggings":1,"minecraft:sandstone":63},"minecraft:mined":{"minecraft:red_carpet":1,"minecraft:spruce_planks":3,"minecraft:white_bed":1,"minecraft:grass_block":4,"minecraft:jungle_log":2,"minecraft:sandstone":10,"minecraft:red_stained_glass_pane":2,"ihfr:gaping_maw":2,"minecraft:furnace":1,"minecraft:iron_ore":2,"minecraft:diamond_block":4,"minecraft:lime_stained_glass_pane":1,"minecraft:stone":2,"minecraft:netherite_block":3,"minecraft:crafting_table":1,"minecraft:dead_bush":2,"minecraft:tall_grass":13,"minecraft:lime_shulker_box":2,"minecraft:mud":1,"minecraft:grass":23,"minecraft:coal_ore":6,"minecraft:sand":11,"minecraft:dirt":2,"pointblank:workstation":1,"minecraft:fern":4},"minecraft:used":{"minecraft:netherite_sword":15,"minecraft:spruce_planks":1,"minecraft:shield":26,"minecraft:cooked_chicken":5,"minecraft:dirt":6,"minecraft:jungle_planks":12,"minecraft:obsidian":2,"minecraft:iron_axe":3,"minecraft:jungle_log":2,"minecraft:totem_of_undying":9,"pointblank:workstation":1,"minecraft:golden_sword":29,"minecraft:red_carpet":1,"minecraft:golden_carrot":28,"minecraft:gold_block":64,"minecraft:enchanted_golden_apple":8,"minecraft:ender_pearl":1,"minecraft:sandstone":3,"minecraft:cut_sandstone":12,"minecraft:beacon":9,"minecraft:diamond_block":67,"minecraft:crafting_table":1,"minecraft:white_bed":2,"minecraft:lime_shulker_box":3,"minecraft:netherite_block":178,"minecraft:diamond_pickaxe":7,"minecraft:bread":3,"minecraft:iron_pickaxe":39,"arphex:bloodworm_grub":1,"minecraft:diamond_sword":39,"minecraft:cobblestone":2,"minecraft:potion":10,"minecraft:end_crystal":12,"minecraft:cooked_porkchop":11},"minecraft:crafted":{"minecraft:oak_planks":44,"minecraft:cooked_chicken":5,"minecraft:enchanted_golden_apple":128,"minecraft:diamond_block":64,"minecraft:diamond":9,"minecraft:iron_axe":1,"minecraft:beacon":64,"minecraft:stone_pickaxe":1,"minecraft:golden_sword":2,"minecraft:diamond_sword":1,"minecraft:cooked_porkchop":3,"minecraft:crafting_table":1,"minecraft:gold_block":64,"minecraft:air":0,"minecraft:jungle_planks":256,"minecraft:diamond_pickaxe":1,"minecraft:gold_nugget":9,"minecraft:shield":1,"minecraft:netherite_block":192,"minecraft:stick":60,"minecraft:iron_ingot":9,"minecraft:iron_pickaxe":2,"minecraft:torch":4},"minecraft:killed":{"arphex:hornet_harbinger_giant":2,"arphex:millipede_marauder":1,"arphex:spider_flat":2,"arphex:crab_larvae":1,"ihfr:gorebat":1,"minecraft:skeleton":6,"arphex:hornet_harbinger":3,"minecraft:chicken":5,"arphex:scorpion_larvae":2,"arphex:centipede_stalker":1,"minecraft:husk":5,"ihfr:gutworm":2,"minecraft:pig":1,"minecraft:wandering_trader":1,"arphex:centipede_evictor_larvae":2,"ihfr:snapper":1,"minecraft:sheep":3,"arphex:termite_tunneler_king":1,"minecraft:trader_llama":2,"minecraft:pillager":4,"minecraft:zombie":3,"arphex:scorpion_striker":1,"cave_dweller:cave_dweller":1,"arphex:spider_larvae":1,"minecraft:enderman":2,"minecraft:cow":1},"minecraft:custom":{"minecraft:mob_kills":55,"minecraft:interact_with_crafting_table":9,"minecraft:open_barrel":4,"minecraft:open_shulker_box":10,"minecraft:damage_dealt_resisted":134,"minecraft:leave_game":11,"minecraft:time_since_death":3165,"minecraft:climb_one_cm":5588,"minecraft:damage_resisted":2651,"minecraft:sprint_one_cm":1031178,"minecraft:walk_one_cm":344936,"minecraft:damage_blocked_by_shield":2110,"minecraft:drop":69,"minecraft:talked_to_villager":7,"minecraft:play_time":240571,"minecraft:deaths":42,"minecraft:sneak_time":1026,"minecraft:walk_under_water_one_cm":1983,"minecraft:jump":4843,"minecraft:walk_on_water_one_cm":6503,"minecraft:total_world_time":240571,"minecraft:interact_with_furnace":11,"minecraft:traded_with_villager":8,"minecraft:interact_with_cartography_table":2,"minecraft:interact_with_stonecutter":1,"minecraft:sleep_in_bed":9,"minecraft:time_since_rest":2903,"minecraft:damage_absorbed":842,"minecraft:damage_taken":14813,"minecraft:damage_dealt":4345,"minecraft:interact_with_beacon":8,"minecraft:swim_one_cm":4658,"minecraft:fly_one_cm":1317663,"minecraft:player_kills":10,"minecraft:open_chest":21,"minecraft:crouch_one_cm":621,"minecraft:fall_one_cm":114585}},"DataVersion":3465}