{"stat.walkOneCm":26381,"stat.killEntity.bia":1,"stat.leaveGame":2,"stat.pickup.minecraft.iron_sword":6,"stat.killEntity.bee":1,"stat.craftItem.minecraft.crafting_table":1,"stat.killEntity.luna":1,"stat.useItem.minecraft.diamond_sword":8,"stat.pickup.minecraft.log":6,"stat.pickup.minecraft.string":2,"stat.pickup.minecraft.diamond_sword":1,"stat.useItem.minecraft.mutton":5,"stat.jump":375,"stat.swimOneCm":548,"stat.killEntity.manglelie":1,"stat.fallOneCm":4207,"stat.pickup.minecraft.porkchop":13,"stat.crouchOneCm":1205,"stat.pickup.minecraft.sapling":2,"stat.sprintOneCm":40912,"stat.useItem.minecraft.stone_slab2":7,"stat.pickup.minecraft.bow":7,"stat.killEntity.slime":2,"stat.craftItem.minecraft.stick":8,"stat.craftItem.minecraft.planks":24,"stat.useItem.minecraft.iron_sword":47,"stat.killEntity.jenny":3,"stat.damageTaken":62,"stat.mobKills":13,"stat.mineBlock.minecraft.log":6,"stat.pickup.minecraft.planks":16,"stat.flyOneCm":123782,"stat.useItem.minecraft.ender_pearl":4,"stat.mineBlock.minecraft.leaves":1,"stat.playOneMinute":47670,"stat.killEntity.Sheep":3,"stat.sneakTime":716,"stat.pickup.minecraft.slime_ball":3,"stat.pickup.minecraft.wool":6,"stat.damageDealt":4058,"stat.sleepInBed":1,"stat.timeSinceDeath":47670,"stat.killEntity.Cow":1,"stat.useItem.minecraft.spawn_egg":10,"stat.diveOneCm":725,"stat.pickup.minecraft.mutton":5}